{
  "overall": {
    "threshold": 0.5,
    "bpcer": 66.66666666666666,
    "apcer": 7.0588235294117645,
    "acer": 36.86274509803921,
    "optimal_threshold": 0.993993993993994,
    "optimal_bpcer": 25.0,
    "optimal_apcer": 27.058823529411764,
    "optimal_acer": 26.029411764705884,
    "genuine_count": 48,
    "attack_count": 170,
    "genuine_stats": {
      "mean": 0.695303915204364,
      "std": 0.3293996718830506,
      "min": 0.05420124530792237,
      "max": 0.9999455699489318
    },
    "attack_stats": {
      "mean": 0.9101620663119039,
      "std": 0.22697313923717194,
      "min": 0.011382535099983215,
      "max": 0.9999942402487592
    }
  },
  "by_attack_type": {
    "bpcer": 66.66666666666666,
    "tts": {
      "apcer": 0.7518796992481203,
      "acer": 33.70927318295739,
      "count": 133
    },
    "cloning": {
      "apcer": 29.72972972972973,
      "acer": 48.19819819819819,
      "count": 37
    },
    "all_attacks": {
      "apcer": 7.0588235294117645,
      "acer": 36.86274509803921,
      "count": 170
    }
  }
}