{
  "overall": {
    "threshold": 0.993993993993994,
    "bpcer": 25.0,
    "apcer": 27.058823529411764,
    "acer": 26.029411764705884,
    "optimal_threshold": 0.993993993993994,
    "optimal_bpcer": 25.0,
    "optimal_apcer": 27.058823529411764,
    "optimal_acer": 26.029411764705884,
    "genuine_count": 48,
    "attack_count": 170,
    "genuine_stats": {
      "mean": 0.695303915204364,
      "std": 0.3293996718830506,
      "min": 0.05420124530792237,
      "max": 0.9999455699489318
    },
    "attack_stats": {
      "mean": 0.9101620663119039,
      "std": 0.22697313923717194,
      "min": 0.011382535099983215,
      "max": 0.9999942402487592
    },
    "eer": "26.91% @ 0.9950"
  },
  "by_attack_type": {
    "bpcer": 25.0,
    "tts": {
      "apcer": 13.533834586466165,
      "acer": 19.26691729323308,
      "count": 133
    },
    "cloning": {
      "apcer": 75.67567567567568,
      "acer": 50.33783783783784,
      "count": 37
    },
    "all_attacks": {
      "apcer": 27.058823529411764,
      "acer": 26.029411764705884,
      "count": 170
    }
  }
}